01,ABANDON ANIMAL,9
01,ACCOSTING,13
01,ADM.CODE,79
01,AGGRAVATED CRIMINAL CONTEMPT,22
01,AGGRAVATED HARASSMENT,1825
01,AGRICULTURE & MARKETS LAW,4
01,ALCOHOLIC BEVERAGE CONTROL LAW,2
01,ARSON,69
01,ASSAULT,4700
01,BAIL JUMPING,10
01,BAIL JUMPING &,2
01,BRIBERY,56
01,BURGLARS TOOLS,21
01,BURGLARY,1070
01,CAUSE SPI/KILL ANIMAL,4
01,CHILD,134
01,CHILD ABANDONMENT,2
01,COERCION,14
01,COMPUTER TAMPER/TRESSPASS,7
01,COMPUTER UNAUTH. USE/TAMPER,1
01,CONFINING ANIMAL IN VEHICLE/SHELTER,1
01,CONSPIRACY,1
01,CONSPIRACY 6,1
01,CONTEMPT,129
01,CONTROLLED SUBSTANCE,990
01,CRIMINAL CONTEMPT,683
01,CRIMINAL DISPOSAL FIREARM &,2
01,CRIMINAL MIS &,73
01,CRIMINAL MISCHIEF,1078
01,CRIMINAL MISCHIEF 4TH,1205
01,CUSTODIAL INTERFERENCE,9
01,DISORDERLY CONDUCT,1
01,DRUG PARAPHERNALIA,16
01,EXPOSURE OF A PERSON,6
01,FALSE ALARM FIRE,3
01,FALSE REPORT,6
01,FALSE REPORT BOMB,1
01,FALSE REPORT UNCLASSIFIED,34
01,FORGERY,596
01,FORGERY-ILLEGAL POSSESSION,2
01,FRAUD,477
01,GAMBLING,11
01,HARASSMENT,5161
01,IMITATION PISTOL/AIR RIFLE,2
01,IMPAIRED DRIVING,3
01,IMPERSONATION,129
01,IMPRISONMENT,13
01,INAPPROPIATE SHELTER DOG LEFT,3
01,INCOMPETENT PERSON,5
01,INTOXICATED DRIVING,469
01,JOSTLING,3
01,KIDNAPPING,1
01,LARCENY,9963
01,LEAVING SCENE-ACCIDENT-PERSONA,397
01,LEWDNESS,45
01,LURING A CHILD,1
01,MAKING TERRORISTIC THREAT,13
01,MANUFACTURE UNAUTHORIZED RECOR,4
01,MARIJUANA,839
01,MENACING,573
01,MENACINGST DEGREE (VICT NOT,6
01,MENACINGST DEGREE (VICT PEAC,5
01,MISCHIEF,1814
01,N.Y.C. TRANSIT AUTH. R&R,1
01,NOISE,1
01,NY STATE LAWS,48
01,OBSCENE MATERIAL - UNDER7 YE,6
01,OBSCENITY,1
01,OBSTR BREATH/CIRCUL,181
01,PARKR&R,1
01,PERJURY,2
01,PETIT LARCENY OF ANIMAL,5
01,PETIT LARCENY-CHECK FROM MAILB,31
01,POSSESSION HYPODERMIC INSTRUME,5
01,PROMOTING A SEXUAL PERFORMANCE,2
01,PUBLIC ADMINISTATION,134
01,PUBLIC ADMINISTRATION,36
01,PUBLIC SAFETY,5
01,RAPE,84
01,RECKLESS DRIVING,8
01,RECKLESS ENDANGERMENT,180
01,RECKLESS ENDANGERMENT OF PROPE,12
01,RESISTING ARREST,163
01,RIOT,4
01,RIOT/INCITING,4
01,ROBBERY,1335
01,SALE SCHOOL GROUNDS 4,2
01,SEXUAL ABUSE,222
01,SEXUAL MISCONDUCT,41
01,SODOMY,23
01,SOLICITATION,1
01,STOLEN PROP-MOTOR VEHICLERD,1
01,STOLEN PROPERTY,131
01,STOLEN PROPERTY-MOTOR VEHND,4
01,STRANGULATIONST,203
01,TAMPERING,91
01,TAMPERING WITH A WITNESS,3
01,TAX LAW,12
01,THEFT,8
01,THEFT OF SERVICES,138
01,THEFT OF SERVICES- CABLE TV SE,4
01,TORTURE/INJURE ANIMAL CRUELTY,5
01,TRAFFIC,113
01,TRESPASS,402
01,TRESPASS 4,18
01,UNAUTH. SALE OF TRANS. SERVICE,45
01,UNAUTHORIZED USE VEHICLE,181
01,VEHICULAR ASSAULT (INTOX DRIVE,1
01,VIOLATION OF ORDER OF PROTECTI,267
01,WEAPONS,463
01,WEAPONS POSSESSION,300
01,WEAPONS POSSESSION &,93
01,WOUNDS,1
02,ABANDON ANIMAL,3
02,ACCOSTING,28
02,ADM.CODE,84
02,AGGRAVATED CRIMINAL CONTEMPT,21
02,AGGRAVATED HARASSMENT,1649
02,AGGRAVATED SEXUAL ASBUSE,2
02,AGRICULTURE & MARKETS LAW,1
02,ALCOHOLIC BEVERAGE CONTROL LAW,4
02,ARSON,63
02,ASSAULT,4127
02,ASSEMBLY,1
02,BAIL JUMPING,8
02,BAIL JUMPING &,4
02,BRIBERY,61
02,BURGLARS TOOLS,21
02,BURGLARY,982
02,CAUSE SPI/KILL ANIMAL,5
02,CHILD,110
02,CHILD ABANDONMENT,1
02,CIGARETTE,1
02,COERCION,11
02,COMPUTER TAMPER/TRESSPASS,2
02,COMPUTER UNAUTH. USE/TAMPER,10
02,CONSPIRACY,1
02,CONTEMPT,125
02,CONTROLLED SUBSTANCE,1019
02,CRIMINAL CONTEMPT,591
02,CRIMINAL DISPOSAL FIREARM &,3
02,CRIMINAL MIS &,66
02,CRIMINAL MISCHIEF,902
02,CRIMINAL MISCHIEF 4TH,858
02,CUSTODIAL INTERFERENCE,10
02,DISORDERLY CONDUCT,6
02,DRUG PARAPHERNALIA,15
02,EAVESDROPPING,1
02,END WELFARE VULNERABLE ELDERLY PERSON,1
02,EXPOSURE OF A PERSON,1
02,FALSE REPORT,6
02,FALSE REPORT BOMB,3
02,FALSE REPORT UNCLASSIFIED,45
02,FIREWORKS,1
02,FORGERY,580
02,FORGERY-ILLEGAL POSSESSION,7
02,FRAUD,499
02,GAMBLING,4
02,GENERAL BUSINESS LAW,1
02,HARASSMENT,4732
02,HEALTH CODE,1
02,HOMICIDE,1
02,IMPAIRED DRIVING,4
02,IMPERSONATION,131
02,IMPRISONMENT,20
02,INAPPROPIATE SHELTER DOG LEFT,2
02,INCOMPETENT PERSON,3
02,INTOXICATED DRIVING,499
02,JOSTLING,3
02,KIDNAPPING,4
02,LARCENY,9024
02,LEAVING SCENE-ACCIDENT-PERSONA,386
02,LEWDNESS,65
02,MAKING TERRORISTIC THREAT,5
02,MANUFACTURE UNAUTHORIZED RECOR,6
02,MARIJUANA,866
02,MENACING,548
02,MENACINGST DEGREE (VICT NOT,3
02,MENACINGST DEGREE (VICT PEAC,8
02,MISCHIEF,1571
02,NUISANCE,3
02,NY STATE LAWS,48
02,OBSCENE MATERIAL - UNDER7 YE,13
02,OBSCENITY,3
02,OBSTR BREATH/CIRCUL,219
02,PETIT LARCENY OF ANIMAL,3
02,PETIT LARCENY-CHECK FROM MAILB,20
02,POSSESSION HYPODERMIC INSTRUME,7
02,PROMOTING A SEXUAL PERFORMANCE,3
02,PROSTITUTION,8
02,PUBLIC ADMINISTATION,114
02,PUBLIC ADMINISTRATION,25
02,PUBLIC SAFETY,3
02,RAPE,84
02,RECKLESS DRIVING,8
02,RECKLESS ENDANGERMENT,160
02,RECKLESS ENDANGERMENT OF PROPE,8
02,RECORDS,2
02,RESISTING ARREST,181
02,RIOT,1
02,RIOT/INCITING,2
02,ROBBERY,1109
02,SALE OF UNAUTHORIZED RECORDING,2
02,SALE SCHOOL GROUNDS 4,4
02,SEXUAL ABUSE,195
02,SEXUAL MISCONDUCT,11
02,SODOMY,34
02,STOLEN PROPERTY,113
02,STOLEN PROPERTY-MOTOR VEHND,11
02,STRANGULATIONST,208
02,SUPP. ACT TERRND,2
02,TAMPERING,64
02,TAX LAW,12
02,THEFT,18
02,THEFT OF SERVICES,111
02,THEFT OF SERVICES- CABLE TV SE,1
02,TORTURE/INJURE ANIMAL CRUELTY,3
02,TRAFFIC,134
02,TRESPASS,403
02,TRESPASS 4,11
02,UNAUTH. SALE OF TRANS. SERVICE,42
02,UNAUTHORIZED USE VEHICLE,169
02,USE OF A CHILD IN A SEXUAL PER,1
02,VEHICULAR ASSAULT (INTOX DRIVE,2
02,VIOLATION OF ORDER OF PROTECTI,240
02,WEAPONS,466
02,WEAPONS POSSESSION,311
02,WEAPONS POSSESSION &,90
03,ABANDON ANIMAL,8
03,ACCOSTING,23
03,ADM.CODE,74
03,AGGRAVATED CRIMINAL CONTEMPT,25
03,AGGRAVATED HARASSMENT,1805
03,AGGRAVATED SEXUAL ASBUSE,3
03,AGRICULTURE & MARKETS LAW,2
03,ALCOHOLIC BEVERAGE CONTROL LAW,2
03,ARSON,69
03,ASSAULT,5003
03,ASSEMBLY,7
03,BAIL JUMPING,9
03,BAIL JUMPING &,5
03,BRIBERY,76
03,BURGLARS TOOLS,26
03,BURGLARY,1027
03,CAUSE SPI/KILL ANIMAL,7
03,CHILD,162
03,CHILD ABANDONMENT,1
03,COERCION,6
03,COMPUTER TAMPER/TRESSPASS,5
03,COMPUTER UNAUTH. USE/TAMPER,3
03,CONSPIRACY,1
03,CONTEMPT,153
03,CONTROLLED SUBSTANCE,1012
03,CRIMINAL CONTEMPT,658
03,CRIMINAL DISPOSAL FIREARM &,4
03,CRIMINAL MIS &,104
03,CRIMINAL MISCHIEF,1092
03,CRIMINAL MISCHIEF 4TH,944
03,CUSTODIAL INTERFERENCE,9
03,DIS. CON.,1
03,DISORDERLY CONDUCT,8
03,DRUG PARAPHERNALIA,22
03,ESCAPE,3
03,FALSE ALARM FIRE,1
03,FALSE REPORT,2
03,FALSE REPORT BOMB,2
03,FALSE REPORT UNCLASSIFIED,40
03,FIREWORKS,2
03,FORGERY,708
03,FORGERY-ILLEGAL POSSESSION,4
03,FRAUD,563
03,GAMBLING,21
03,GENERAL BUSINESS LAW / UNCLASSIFIED,1
03,HARASSMENT,5488
03,IMPAIRED DRIVING,7
03,IMPERSONATION,140
03,IMPRISONMENT,20
03,INCOMPETENT PERSON,1
03,INTOXICATED DRIVING,577
03,JOSTLING,3
03,KIDNAPPING,3
03,LARCENY,10266
03,LEAVING SCENE-ACCIDENT-PERSONA,363
03,LEWDNESS,94
03,LURING A CHILD,1
03,MAKING TERRORISTIC THREAT,11
03,MANUFACTURE UNAUTHORIZED RECOR,1
03,MARIJUANA,1062
03,MENACING,578
03,MENACINGST DEGREE (VICT NOT,12
03,MENACINGST DEGREE (VICT PEAC,7
03,MISCHIEF,1929
03,NEGLECT/POISON ANIMAL,1
03,NUISANCE,3
03,NY STATE LAWS,59
03,OBSCENE MATERIAL - UNDER7 YE,10
03,OBSCENITY,4
03,OBSTR BREATH/CIRCUL,209
03,PARKR&R,1
03,PETIT LARCENY OF ANIMAL,4
03,PETIT LARCENY-CHECK FROM MAILB,26
03,POSSESSION HYPODERMIC INSTRUME,3
03,PROMOTING A SEXUAL PERFORMANCE,1
03,PROSTITUTION,4
03,PUBLIC ADMINISTATION,168
03,PUBLIC ADMINISTRATION,35
03,PUBLIC HEALTH LAW,1
03,PUBLIC SAFETY,5
03,RAPE,91
03,RECKLESS DRIVING,9
03,RECKLESS ENDANGERMENT,247
03,RECKLESS ENDANGERMENT OF PROPE,19
03,RESISTING ARREST,182
03,RIOT/INCITING,1
03,ROBBERY,1151
03,SALE OF UNAUTHORIZED RECORDING,1
03,SALE SCHOOL GROUNDS 4,6
03,SEX CRIMES,1
03,SEXUAL ABUSE,272
03,SEXUAL MISCONDUCT,31
03,SODOMY,26
03,STOLEN PROPERTY,145
03,STOLEN PROPERTY-MOTOR VEHND,14
03,STRANGULATIONST,203
03,TAMPERING,50
03,TAX LAW,11
03,THEFT,13
03,THEFT OF SERVICES,159
03,THEFT OF SERVICES- CABLE TV SE,1
03,TORTURE/INJURE ANIMAL CRUELTY,7
03,TRAFFIC,106
03,TRESPASS,413
03,TRESPASS 4,25
03,UNAUTH. SALE OF TRANS. SERVICE,45
03,UNAUTHORIZED USE VEHICLE,176
03,VEHICULAR ASSAULT (INTOX DRIVE,1
03,VIOLATION OF ORDER OF PROTECTI,271
03,WEAPONS,505
03,WEAPONS POSSESSION,374
03,WEAPONS POSSESSION &,128
04,ABANDON ANIMAL,6
04,ACCOSTING,37
04,ADM.CODE,90
04,AGGRAVATED CRIMINAL CONTEMPT,13
04,AGGRAVATED HARASSMENT,1811
04,AGGRAVATED SEXUAL ASBUSE,2
04,AGRICULTURE & MARKETS LAW,4
04,ALCOHOLIC BEVERAGE CONTROL LAW,9
04,ARSON,61
04,ASSAULT,4879
04,ASSEMBLY,2
04,BAIL JUMPING,11
04,BAIL JUMPING &,4
04,BRIBERY,80
04,BURGLARS TOOLS,20
04,BURGLARY,1000
04,CAUSE SPI/KILL ANIMAL,3
04,CHECK,1
04,CHILD,148
04,COERCION,10
04,COMPUTER TAMPER/TRESSPASS,8
04,COMPUTER UNAUTH. USE/TAMPER,3
04,CONTEMPT,130
04,CONTROLLED SUBSTANCE,948
04,CRIMINAL CONTEMPT,671
04,CRIMINAL DISPOSAL FIREARM &,1
04,CRIMINAL MIS &,62
04,CRIMINAL MISCHIEF,1102
04,CRIMINAL MISCHIEF 4TH,1145
04,CUSTODIAL INTERFERENCE,7
04,DISORDERLY CONDUCT,9
04,DRUG PARAPHERNALIA,21
04,EAVESDROPPING,1
04,END WELFARE VULNERABLE ELDERLY PERSON,1
04,EXPOSURE OF A PERSON,3
04,FALSE ALARM FIRE,2
04,FALSE REPORT,8
04,FALSE REPORT BOMB,4
04,FALSE REPORT UNCLASSIFIED,38
04,FORGERY,658
04,FORGERY-ILLEGAL POSSESSION,6
04,FRAUD,512
04,GAMBLING,24
04,GENERAL BUSINESS LAW / UNCLASSIFIED,1
04,HARASSMENT,5294
04,HOMICIDE,2
04,IMITATION PISTOL/AIR RIFLE,1
04,IMPAIRED DRIVING,7
04,IMPERSONATION,130
04,IMPRISONMENT,14
04,INAPPROPIATE SHELTER DOG LEFT,2
04,INCOMPETENT PERSON,6
04,INTOXICATED DRIVING,534
04,JOSTLING,4
04,KIDNAPPING,4
04,LARCENY,10469
04,LEAVING SCENE-ACCIDENT-PERSONA,375
04,LEWDNESS,81
04,LOITERING,1
04,MAKING TERRORISTIC THREAT,8
04,MARIJUANA,976
04,MENACING,609
04,MENACINGST DEGREE (VICT NOT,3
04,MENACINGST DEGREE (VICT PEAC,7
04,MISCHIEF,2099
04,NEGLECT/POISON ANIMAL,2
04,NUISANCE,2
04,NY STATE LAWS,37
04,OBSCENE MATERIAL - UNDER7 YE,15
04,OBSCENITY,1
04,OBSTR BREATH/CIRCUL,199
04,PERJURY,1
04,PETIT LARCENY OF ANIMAL,5
04,PETIT LARCENY-CHECK FROM MAILB,19
04,POSS METH MANUFACT MATERIAL,1
04,POSSESSION ANTI-SECURITY ITEM,1
04,POSSESSION HYPODERMIC INSTRUME,4
04,PRIVACY,1
04,PROMOTING A SEXUAL PERFORMANCE,1
04,PROSTITUTION,2
04,PUBLIC ADMINISTATION,192
04,PUBLIC ADMINISTRATION,39
04,PUBLIC HEALTH LAW,1
04,PUBLIC SAFETY,2
04,RAPE,107
04,RECKLESS DRIVING,5
04,RECKLESS ENDANGERMENT,252
04,RECKLESS ENDANGERMENT OF PROPE,7
04,RESISTING ARREST,181
04,RIOT/INCITING,6
04,ROBBERY,1204
04,SALE OF UNAUTHORIZED RECORDING,1
04,SALE SCHOOL GROUNDS 4,4
04,SEXUAL ABUSE,246
04,SEXUAL MISCONDUCT,33
04,SODOMY,34
04,SOLICITATION 4,1
04,STOLEN PROP-MOTOR VEHICLERD,1
04,STOLEN PROPERTY,123
04,STOLEN PROPERTY-MOTOR VEHND,11
04,STRANGULATIONST,201
04,TAMPERING,65
04,TAX LAW,12
04,THEFT,9
04,THEFT OF SERVICES,157
04,THEFT OF SERVICES- CABLE TV SE,4
04,TORTURE/INJURE ANIMAL CRUELTY,6
04,TRAFFIC,118
04,TRESPASS,327
04,TRESPASS 4,13
04,UNAUTH. SALE OF TRANS. SERVICE,62
04,UNAUTHORIZED USE VEHICLE,191
04,UNLAWFUL POSS. WEAPON UPON SCH,1
04,USE OF A CHILD IN A SEXUAL PER,1
04,VEHICULAR ASSAULT (INTOX DRIVE,3
04,VIOLATION OF ORDER OF PROTECTI,254
04,WEAPONS,526
04,WEAPONS POSSESSION,418
04,WEAPONS POSSESSION &,100
04,WOUNDS,1
05,ABANDON ANIMAL,2
05,ABSCONDING FROM WORK RELEASE,1
05,ACCOSTING,15
05,ADM.CODE,59
05,AGGRAVATED CRIMINAL CONTEMPT,20
05,AGGRAVATED HARASSMENT,1826
05,AGGRAVATED SEXUAL ASBUSE,2
05,AGRICULTURE & MARKETS LAW,2
05,ALCOHOLIC BEVERAGE CONTROL LAW,11
05,ALCOHOLIC BEVERAGES,2
05,APPEARANCE TICKET FAIL TO RESP,1
05,ARSON,83
05,ASSAULT,5616
05,ASSEMBLY,3
05,BAIL JUMPING,7
05,BAIL JUMPING &,6
05,BRIBERY,82
05,BURGLARS TOOLS,29
05,BURGLARY,1070
05,CAUSE SPI/KILL ANIMAL,2
05,CHECK,4
05,CHILD,139
05,CHILD ABANDONMENT,1
05,COERCION,10
05,COMPUTER TAMPER/TRESSPASS,3
05,COMPUTER UNAUTH. USE/TAMPER,2
05,CONSPIRACY,1
05,CONTEMPT,155
05,CONTROLLED SUBSTANCE,949
05,CRIMINAL CONTEMPT,691
05,CRIMINAL DISPOSAL FIREARM &,3
05,CRIMINAL MIS &,63
05,CRIMINAL MISCHIEF,1114
05,CRIMINAL MISCHIEF 4TH,942
05,CUSTODIAL INTERFERENCE,15
05,DISORDERLY CONDUCT,4
05,DRUG PARAPHERNALIA,25
05,ESCAPE,5
05,EXPOSURE OF A PERSON,3
05,FALSE REPORT,4
05,FALSE REPORT BOMB,1
05,FALSE REPORT UNCLASSIFIED,46
05,FIREWORKS,1
05,FORGERY,635
05,FORGERY-ILLEGAL POSSESSION,5
05,FRAUD,477
05,GAMBLING,25
05,GENERAL BUSINESS LAW,1
05,HARASSMENT,5778
05,IMITATION PISTOL/AIR RIFLE,1
05,IMPAIRED DRIVING,1
05,IMPERSONATION,120
05,IMPRISONMENT,16
05,INAPPROPIATE SHELTER DOG LEFT,1
05,INCOMPETENT PERSON,1
05,INTOXICATED DRIVING,562
05,JOSTLING,5
05,KIDNAPPING,4
05,LABOR LAW,1
05,LARCENY,11131
05,LEAVING SCENE-ACCIDENT-PERSONA,425
05,LEWDNESS,90
05,LOITERING,1
05,MAKING TERRORISTIC THREAT,13
05,MANUFACTURE UNAUTHORIZED RECOR,1
05,MARIJUANA,1109
05,MATERIAL              OFFENSIV,1
05,MENACING,662
05,MENACINGST DEGREE (VICT NOT,6
05,MENACINGST DEGREE (VICT PEAC,5
05,MISCHIEF,2138
05,NUISANCE,3
05,NY STATE LAWS,45
05,OBSCENE MATERIAL - UNDER7 YE,25
05,OBSCENITY,5
05,OBSTR BREATH/CIRCUL,219
05,PERJURY,1
05,PETIT LARCENY OF ANIMAL,6
05,PETIT LARCENY-CHECK FROM MAILB,25
05,PLACE FALSE BOMB,1
05,POSSESSION HYPODERMIC INSTRUME,3
05,PROMOTING A SEXUAL PERFORMANCE,2
05,PROSTITUTION,32
05,PUBLIC ADMINISTATION,195
05,PUBLIC ADMINISTRATION,23
05,PUBLIC HEALTH LAW,1
05,PUBLIC SAFETY,2
05,RAPE,107
05,RECKLESS DRIVING,4
05,RECKLESS ENDANGERMENT,262
05,RECKLESS ENDANGERMENT OF PROPE,6
05,RECORDS,1
05,RESISTING ARREST,192
05,RIOT/INCITING,1
05,ROBBERY,1279
05,SALE SCHOOL GROUNDS 4,4
05,SALES OF PRESCRIPTION,1
05,SEX TRAFFICKING,1
05,SEXUAL ABUSE,272
05,SEXUAL MISCONDUCT,28
05,SODOMY,26
05,SOLICITATION,1
05,STOLEN PROP-MOTOR VEHICLERD,1
05,STOLEN PROPERTY,147
05,STOLEN PROPERTY-MOTOR VEHND,9
05,STRANGULATIONST,239
05,TAMPERING,60
05,TAX LAW,13
05,TERRORISM PROVIDE SUPPORT,2
05,THEFT,13
05,THEFT OF SERVICES,136
05,THEFT OF SERVICES- CABLE TV SE,5
05,TORTURE/INJURE ANIMAL CRUELTY,10
05,TRAFFIC,136
05,TRESPASS,372
05,TRESPASS 4,18
05,UNAUTH. SALE OF TRANS. SERVICE,44
05,UNAUTHORIZED USE VEHICLE,195
05,UNLAWFUL POSS. WEAPON UPON SCH,1
05,VIOLATION OF ORDER OF PROTECTI,297
05,WEAPONS,477
05,WEAPONS POSSESSION,360
05,WEAPONS POSSESSION &,116
06,ABANDON ANIMAL,1
06,ABSCONDING FROM WORK RELEASE,1
06,ACCOSTING,9
06,ADM.CODE,78
06,AGGRAVATED CRIMINAL CONTEMPT,22
06,AGGRAVATED HARASSMENT,1842
06,AGGRAVATED SEXUAL ASBUSE,6
06,AGRICULTURE & MARKETS LAW,6
06,ALCOHOLIC BEVERAGE CONTROL LAW,18
06,ALCOHOLIC BEVERAGES,1
06,ARSON,62
06,ASSAULT,5405
06,ASSEMBLY,4
06,BAIL JUMPING,15
06,BAIL JUMPING &,2
06,BRIBERY,76
06,BURGLARS TOOLS,24
06,BURGLARY,1095
06,CAUSE SPI/KILL ANIMAL,1
06,CHECK,3
06,CHILD,143
06,CHILD ABANDONMENT,3
06,COERCION,9
06,COMPUTER TAMPER/TRESSPASS,3
06,COMPUTER UNAUTH. USE/TAMPER,4
06,CONSPIRACY,2
06,CONSPIRACY 4,1
06,CONTEMPT,136
06,CONTROLLED SUBSTANCE,889
06,CREDIT CARD,1
06,CRIMINAL CONTEMPT,706
06,CRIMINAL DISPOSAL FIREARM &,6
06,CRIMINAL MIS &,46
06,CRIMINAL MISCHIEF,1156
06,CRIMINAL MISCHIEF 4TH,945
06,CUSTODIAL INTERFERENCE,10
06,DIS. CON.,1
06,DISORDERLY CONDUCT,7
06,DRUG PARAPHERNALIA,17
06,ESCAPE,4
06,EXPOSURE OF A PERSON,3
06,FALSE ALARM FIRE,1
06,FALSE REPORT,6
06,FALSE REPORT BOMB,4
06,FALSE REPORT UNCLASSIFIED,28
06,FIREWORKS,8
06,FIREWORKS PREV CONV 5 YEARS,3
06,FORGERY,585
06,FORGERY-ILLEGAL POSSESSION,4
06,FRAUD,467
06,GAMBLING,40
06,GENERAL BUSINESS LAW,1
06,HARASSMENT,5927
06,HEALTH CODE,2
06,IMITATION PISTOL/AIR RIFLE,1
06,IMPAIRED DRIVING,4
06,IMPERSONATION,143
06,IMPRISONMENT,18
06,INAPPROPIATE SHELTER DOG LEFT,1
06,INCOMPETENT PERSON,3
06,INTOXICATED DRIVING,444
06,JOSTLING,2
06,LARCENY,11322
06,LEAVING SCENE-ACCIDENT-PERSONA,443
06,LEWDNESS,77
06,LOITERING,2
06,LOITERING TO PROMOTE PROSTITUT,1
06,MAKING TERRORISTIC THREAT,10
06,MANUFACTURE UNAUTHORIZED RECOR,1
06,MARIJUANA,1102
06,MENACING,675
06,MENACINGST DEGREE (VICT NOT,9
06,MENACINGST DEGREE (VICT PEAC,2
06,MISCHIEF,2113
06,NUISANCE,1
06,NY STATE LAWS,50
06,OBSCENE MATERIAL - UNDER7 YE,24
06,OBSCENITY,2
06,OBSTR BREATH/CIRCUL,268
06,PARKR&R,2
06,PEDDLING,1
06,PERJURY,1
06,PETIT LARCENY OF ANIMAL,6
06,PETIT LARCENY-CHECK FROM MAILB,16
06,POSSESSION HYPODERMIC INSTRUME,2
06,PROMOTING A SEXUAL PERFORMANCE,2
06,PROSTITUTION,4
06,PUBLIC ADMINISTATION,176
06,PUBLIC ADMINISTRATION,27
06,PUBLIC HEALTH LAW,1
06,PUBLIC SAFETY,4
06,RAPE,105
06,RECKLESS DRIVING,13
06,RECKLESS ENDANGERMENT,235
06,RECKLESS ENDANGERMENT OF PROPE,9
06,RESISTING ARREST,178
06,RIOT,1
06,RIOT/INCITING,2
06,ROBBERY,1268
06,SALE OF UNAUTHORIZED RECORDING,3
06,SALE SCHOOL GROUNDS 4,3
06,SEXUAL ABUSE,289
06,SEXUAL MISCONDUCT,17
06,SODOMY,32
06,STOLEN PROPERTY,139
06,STOLEN PROPERTY-MOTOR VEHND,11
06,STRANGULATIONST,263
06,TAMPERING,57
06,TAX LAW,9
06,THEFT,10
06,THEFT OF SERVICES,130
06,THEFT OF SERVICES- CABLE TV SE,1
06,TORTURE/INJURE ANIMAL CRUELTY,4
06,TRAFFIC,175
06,TRESPASS,338
06,TRESPASS 4,20
06,UNAUTH. SALE OF TRANS. SERVICE,31
06,UNAUTHORIZED USE VEHICLE,198
06,VEHICULAR ASSAULT (INTOX DRIVE,3
06,VIOLATION OF ORDER OF PROTECTI,290
06,WEAPONS,392
06,WEAPONS POSSESSION,334
06,WEAPONS POSSESSION &,120
07,ABANDON ANIMAL,6
07,ACCOSTING,23
07,ADM.CODE,89
07,AGGRAVATED CRIMINAL CONTEMPT,21
07,AGGRAVATED HARASSMENT,1826
07,AGGRAVATED SEXUAL ASBUSE,4
07,AGRICULTURE & MARKETS LAW,6
07,ALCOHOLIC BEVERAGE CONTROL LAW,11
07,ARSON,84
07,ASSAULT,5750
07,ASSEMBLY,1
07,BAIL JUMPING,9
07,BAIL JUMPING &,1
07,BRIBERY,78
07,BURGLARS TOOLS,21
07,BURGLARY,1148
07,CAUSE SPI/KILL ANIMAL,4
07,CHECK,1
07,CHILD,142
07,CHILD ABANDONMENT,2
07,CIGARETTE,1
07,COERCION,8
07,COMPUTER TAMPER/TRESSPASS,2
07,COMPUTER UNAUTH. USE/TAMPER,5
07,CONFINING ANIMAL IN VEHICLE/SHELTER,1
07,CONTEMPT,120
07,CONTROLLED SUBSTANCE,771
07,CRIMINAL CONTEMPT,689
07,CRIMINAL DISPOSAL FIREARM &,3
07,CRIMINAL MIS &,29
07,CRIMINAL MISCHIEF,1178
07,CRIMINAL MISCHIEF 4TH,783
07,CUSTODIAL INTERFERENCE,11
07,DISORDERLY CONDUCT,4
07,DRUG PARAPHERNALIA,16
07,ESCAPE,3
07,FALSE REPORT,7
07,FALSE REPORT BOMB,2
07,FALSE REPORT UNCLASSIFIED,49
07,FIREARMS LICENSING LAWS,1
07,FIREWORKS,20
07,FORGERY,532
07,FORGERY-ILLEGAL POSSESSION,5
07,FRAUD,478
07,GAMBLING,29
07,GENERAL BUSINESS LAW,1
07,HARASSMENT,5733
07,HEALTH CODE,1
07,IMPAIRED DRIVING,7
07,IMPERSONATION,125
07,IMPRISONMENT,7
07,INAPPROPIATE SHELTER DOG LEFT,1
07,INCEST,1
07,INTOXICATED DRIVING,443
07,JOSTLING,7
07,KIDNAPPING,2
07,LARCENY,11499
07,LEAVING SCENE-ACCIDENT-PERSONA,416
07,LEWDNESS,72
07,LOITERING,3
07,LURING A CHILD,2
07,MAKING TERRORISTIC THREAT,16
07,MARIJUANA,957
07,MATERIAL              OFFENSIV,1
07,MENACING,647
07,MENACINGST DEGREE (VICT NOT,11
07,MENACINGST DEGREE (VICT PEAC,8
07,MISCHIEF,2203
07,NEGLECT/POISON ANIMAL,1
07,NY STATE LAWS,53
07,OBSCENE MATERIAL - UNDER7 YE,19
07,OBSCENITY,2
07,OBSTR BREATH/CIRCUL,246
07,PARKR&R,3
07,PEDDLING,3
07,PERJURY,2
07,PETIT LARCENY OF ANIMAL,7
07,PETIT LARCENY-CHECK FROM MAILB,27
07,POSSESSION HYPODERMIC INSTRUME,4
07,PROMOTING A SEXUAL PERFORMANCE,1
07,PROSTITUTION,2
07,PUBLIC ADMINISTATION,161
07,PUBLIC ADMINISTRATION,21
07,PUBLIC SAFETY,1
07,RAPE,137
07,RECKLESS DRIVING,6
07,RECKLESS ENDANGERMENT,293
07,RECKLESS ENDANGERMENT OF PROPE,14
07,RESISTING ARREST,174
07,RIOT/INCITING,2
07,ROBBERY,1393
07,SALE SCHOOL GROUNDS 4,1
07,SEX TRAFFICKING,1
07,SEXUAL ABUSE,284
07,SEXUAL MISCONDUCT,14
07,SODOMY,32
07,STOLEN PROPERTY,97
07,STOLEN PROPERTY-MOTOR VEHND,9
07,STRANGULATIONST,279
07,SUPP. ACT TERRND,2
07,TAMPERING,72
07,TAMPERING WITH A WITNESS,1
07,TAX LAW,5
07,THEFT,18
07,THEFT OF SERVICES,128
07,THEFT OF SERVICES- CABLE TV SE,1
07,TORTURE/INJURE ANIMAL CRUELTY,5
07,TRAFFIC,146
07,TRESPASS,276
07,TRESPASS 4,30
07,UNAUTH. SALE OF TRANS. SERVICE,34
07,UNAUTHORIZED USE VEHICLE,219
07,VIOLATION OF ORDER OF PROTECTI,304
07,WEAPONS,311
07,WEAPONS POSSESSION,286
07,WEAPONS POSSESSION &,97
08,ABANDON ANIMAL,9
08,ACCOSTING,21
08,ADM.CODE,86
08,AGGRAVATED CRIMINAL CONTEMPT,20
08,AGGRAVATED HARASSMENT,1872
08,AGGRAVATED SEXUAL ASBUSE,1
08,AGRICULTURE & MARKETS LAW,2
08,ALCOHOLIC BEVERAGE CONTROL LAW,10
08,ALCOHOLIC BEVERAGES,1
08,ARSON,64
08,ASSAULT,5459
08,ASSEMBLY,2
08,BAIL JUMPING,13
08,BAIL JUMPING &,1
08,BREED/TRAIN/HOST ANIMAL FIGHTING,1
08,BRIBERY,79
08,BURGLARS TOOLS,22
08,BURGLARY,1166
08,CAUSE SPI/KILL ANIMAL,4
08,CHECK,2
08,CHILD,129
08,CHILD ABANDONMENT,3
08,COERCION,11
08,COMPUTER TAMPER/TRESSPASS,2
08,CONFINING ANIMAL IN VEHICLE/SHELTER,1
08,CONSPIRACY,2
08,CONTEMPT,128
08,CONTROLLED SUBSTANCE,892
08,CRIMINAL CONTEMPT,685
08,CRIMINAL DISPOSAL FIREARM &,6
08,CRIMINAL MIS &,30
08,CRIMINAL MISCHIEF,1125
08,CRIMINAL MISCHIEF 4TH,942
08,CUSTODIAL INTERFERENCE,13
08,DISORDERLY CONDUCT,4
08,DRUG PARAPHERNALIA,16
08,ESCAPE,1
08,EXPOSURE OF A PERSON,5
08,FALSE ALARM FIRE,3
08,FALSE REPORT,2
08,FALSE REPORT UNCLASSIFIED,34
08,FORGERY,625
08,FORGERY-ILLEGAL POSSESSION,1
08,FRAUD,509
08,GAMBLING,39
08,GENERAL BUSINESS LAW,1
08,GENERAL BUSINESS LAW / UNCLASSIFIED,1
08,HARASSMENT,5857
08,HOMICIDE,1
08,IMITATION PISTOL/AIR RIFLE,2
08,IMPAIRED DRIVING,4
08,IMPERSONATION,130
08,IMPRISONMENT,12
08,INCOMPETENT PERSON,5
08,INTOXICATED DRIVING,416
08,JOSTLING,4
08,KIDNAPPING,3
08,LABOR LAW,1
08,LARCENY,12058
08,LEAVING SCENE-ACCIDENT-PERSONA,440
08,LEWDNESS,74
08,MAKING TERRORISTIC THREAT,22
08,MARIJUANA,1052
08,MENACING,632
08,MENACINGST DEGREE (VICT NOT,5
08,MENACINGST DEGREE (VICT PEAC,8
08,MISCHIEF,2066
08,NEGLECT/POISON ANIMAL,1
08,NY STATE LAWS,51
08,OBSCENE MATERIAL - UNDER7 YE,28
08,OBSCENITY,2
08,OBSTR BREATH/CIRCUL,262
08,PARKR&R,3
08,PETIT LARCENY OF ANIMAL,5
08,PETIT LARCENY-CHECK FROM MAILB,35
08,POSSESSION HYPODERMIC INSTRUME,5
08,PROMOTING A SEXUAL PERFORMANCE,1
08,PROSTITUTION,37
08,PUBLIC ADMINISTATION,200
08,PUBLIC ADMINISTRATION,22
08,PUBLIC HEALTH LAW,2
08,PUBLIC SAFETY,2
08,RAPE,112
08,RECKLESS DRIVING,5
08,RECKLESS ENDANGERMENT,264
08,RECKLESS ENDANGERMENT OF PROPE,11
08,RECORDS,1
08,RESISTING ARREST,146
08,ROBBERY,1402
08,SALE OF UNAUTHORIZED RECORDING,1
08,SEX TRAFFICKING,1
08,SEXUAL ABUSE,323
08,SEXUAL MISCONDUCT,25
08,SODOMY,40
08,STOLEN PROP-MOTOR VEHICLERD,1
08,STOLEN PROPERTY,114
08,STOLEN PROPERTY-MOTOR VEHND,23
08,STRANGULATIONST,271
08,SUPP. ACT TERRND,3
08,TAMPERING,83
08,TAMPERING WITH A WITNESS,1
08,TAX LAW,9
08,TERRORISM PROVIDE SUPPORT,1
08,THEFT,8
08,THEFT OF SERVICES,164
08,TORTURE/INJURE ANIMAL CRUELTY,4
08,TRAFFIC,120
08,TRESPASS,295
08,TRESPASS 4,22
08,UNAUTH. SALE OF TRANS. SERVICE,35
08,UNAUTHORIZED USE VEHICLE,240
08,USE OF A CHILD IN A SEXUAL PER,1
08,VEHICULAR ASSAULT (INTOX DRIVE,2
08,VIOLATION OF ORDER OF PROTECTI,295
08,WEAPONS,407
08,WEAPONS POSSESSION,366
08,WEAPONS POSSESSION &,112
09,ABANDON ANIMAL,4
09,ACCOSTING,11
09,ADM.CODE,77
09,AGGRAVATED CRIMINAL CONTEMPT,13
09,AGGRAVATED HARASSMENT,1722
09,AGGRAVATED SEXUAL ASBUSE,5
09,AGRICULTURE & MARKETS LAW,4
09,ALCOHOLIC BEVERAGE CONTROL LAW,8
09,ALCOHOLIC BEVERAGES,1
09,ARSON,48
09,ASSAULT,4998
09,BAIL JUMPING,10
09,BAIL JUMPING &,1
09,BIGAMY,1
09,BREED/TRAIN/HOST ANIMAL FIGHTING,1
09,BRIBERY,77
09,BURGLARS TOOLS,21
09,BURGLARY,1038
09,CAUSE SPI/KILL ANIMAL,3
09,CHECK,1
09,CHILD,135
09,CHILD ABANDONMENT,3
09,COERCION,3
09,COMPUTER TAMPER/TRESSPASS,4
09,COMPUTER UNAUTH. USE/TAMPER,3
09,CONSPIRACY,1
09,CONTEMPT,125
09,CONTROLLED SUBSTANCE,830
09,CRIMINAL CONTEMPT,645
09,CRIMINAL DISPOSAL FIREARM &,3
09,CRIMINAL MIS &,67
09,CRIMINAL MISCHIEF,1059
09,CRIMINAL MISCHIEF 4TH,745
09,CUSTODIAL INTERFERENCE,18
09,DISORDERLY CONDUCT,21
09,DRUG,1
09,DRUG PARAPHERNALIA,15
09,EDUCATION LAW,1
09,ESCAPE,1
09,EXPOSURE OF A PERSON,1
09,FALSE ALARM FIRE,1
09,FALSE REPORT,2
09,FALSE REPORT BOMB,3
09,FALSE REPORT UNCLASSIFIED,40
09,FORGERY,601
09,FORGERY-ILLEGAL POSSESSION,5
09,FRAUD,413
09,GAMBLING,30
09,HARASSMENT,5578
09,HIND PROSEC. TERR,1
09,IMITATION PISTOL/AIR RIFLE,2
09,IMPAIRED DRIVING,6
09,IMPERSONATION,133
09,IMPRISONMENT,15
09,INAPPROPIATE SHELTER DOG LEFT,1
09,INCOMPETENT PERSON,2
09,INTOXICATED DRIVING,429
09,JOSTLING,4
09,KIDNAPPING,3
09,LARCENY,10970
09,LEAVING SCENE-ACCIDENT-PERSONA,448
09,LEWDNESS,72
09,MAKING TERRORISTIC THREAT,12
09,MARIJUANA,1056
09,MENACING,638
09,MENACINGST DEGREE (VICT NOT,5
09,MENACINGST DEGREE (VICT PEAC,10
09,MISCHIEF,1867
09,NEGLECT/POISON ANIMAL,1
09,NUISANCE,1
09,NY STATE LAWS,60
09,OBSCENE MATERIAL - UNDER7 YE,16
09,OBSCENITY,2
09,OBSTR BREATH/CIRCUL,246
09,PARKR&R,2
09,PERJURY,1
09,PETIT LARCENY OF ANIMAL,8
09,PETIT LARCENY-CHECK FROM MAILB,35
09,POSSES OR CARRY A KNIFE,1
09,POSSESSION HYPODERMIC INSTRUME,3
09,PROMOTING A SEXUAL PERFORMANCE,1
09,PROSTITUTION,7
09,PUBLIC ADMINISTATION,163
09,PUBLIC ADMINISTRATION,18
09,PUBLIC SAFETY,1
09,RAPE,88
09,RECKLESS DRIVING,6
09,RECKLESS ENDANGERMENT,225
09,RECKLESS ENDANGERMENT OF PROPE,5
09,RECORDS,2
09,RESISTING ARREST,156
09,RIOT/INCITING,1
09,ROBBERY,1334
09,SALE SCHOOL GROUNDS 4,1
09,SEXUAL ABUSE,255
09,SEXUAL MISCONDUCT,25
09,SODOMY,37
09,STOLEN PROP-MOTOR VEHICLERD,2
09,STOLEN PROPERTY,127
09,STOLEN PROPERTY-MOTOR VEHND,14
09,STRANGULATIONST,239
09,SUPP. ACT TERRND,1
09,TAMPERING,46
09,TAX LAW,11
09,TERRORISM PROVIDE SUPPORT,1
09,THEFT,13
09,THEFT OF SERVICES,122
09,THEFT OF SERVICES- CABLE TV SE,1
09,TORTURE/INJURE ANIMAL CRUELTY,8
09,TRAFFIC,125
09,TRESPASS,288
09,TRESPASS 4,26
09,UNAUTH. SALE OF TRANS. SERVICE,21
09,UNAUTHORIZED USE VEHICLE,205
09,UNLAWFUL SALE SYNTHETIC MARIJUANA,1
09,USURY,1
09,VIOLATION OF ORDER OF PROTECTI,281
09,WEAPONS,392
09,WEAPONS POSSESSION,340
09,WEAPONS POSSESSION &,122
10,A.B.C.,2
10,ABANDON ANIMAL,3
10,ABSCONDING FROM WORK RELEASE,1
10,ACCOSTING,13
10,ADM.CODE,96
10,AGGRAVATED CRIMINAL CONTEMPT,18
10,AGGRAVATED HARASSMENT,1658
10,AGGRAVATED SEXUAL ASBUSE,4
10,AGRICULTURE & MARKETS LAW,3
10,ALCOHOLIC BEVERAGE CONTROL LAW,10
10,ALCOHOLIC BEVERAGES,2
10,ARSON,50
10,ASSAULT,5099
10,ASSEMBLY,4
10,BAIL JUMPING,4
10,BAIL JUMPING &,7
10,BRIBERY,95
10,BURGLARS TOOLS,20
10,BURGLARY,1142
10,CAUSE SPI/KILL ANIMAL,3
10,CHILD,151
10,CHILD ABANDONMENT,2
10,COERCION,15
10,COMPUTER TAMPER/TRESSPASS,3
10,COMPUTER UNAUTH. USE/TAMPER,4
10,CONTEMPT,138
10,CONTROLLED SUBSTANCE,978
10,CREDIT CARD,1
10,CRIMINAL CONTEMPT,650
10,CRIMINAL DISPOSAL FIREARM &,4
10,CRIMINAL MIS &,46
10,CRIMINAL MISCHIEF,1081
10,CRIMINAL MISCHIEF 4TH,651
10,CUSTODIAL INTERFERENCE,13
10,DISORDERLY CONDUCT,2
10,DRUG,1
10,DRUG PARAPHERNALIA,23
10,ESCAPE,1
10,EXPOSURE OF A PERSON,2
10,FALSE REPORT,5
10,FALSE REPORT BOMB,5
10,FALSE REPORT UNCLASSIFIED,37
10,FORGERY,605
10,FORGERY-ILLEGAL POSSESSION,5
10,FRAUD,421
10,GAMBLING,23
10,GENERAL BUSINESS LAW,1
10,HARASSMENT,5707
10,IMITATION PISTOL/AIR RIFLE,1
10,IMPAIRED DRIVING,7
10,IMPERSONATION,126
10,IMPRISONMENT,14
10,INCOMPETENT PERSON,2
10,INTOXICATED DRIVING,565
10,JOSTLING,3
10,KIDNAPPING,1
10,LARCENY,11244
10,LEAVING SCENE-ACCIDENT-PERSONA,473
10,LEWDNESS,73
10,LOITERING,4
10,LURING A CHILD,2
10,MAKING TERRORISTIC THREAT,21
10,MARIJUANA,1086
10,MATERIAL              OFFENSIV,1
10,MENACING,594
10,MENACINGST DEGREE (VICT NOT,5
10,MENACINGST DEGREE (VICT PEAC,11
10,MISCHIEF,2044
10,N.Y.C. TRANSIT AUTH. R&R,1
10,NUISANCE,1
10,NY STATE LAWS,67
10,OBSCENE MATERIAL - UNDER7 YE,9
10,OBSTR BREATH/CIRCUL,247
10,PERJURY,1
10,PETIT LARCENY OF ANIMAL,6
10,PETIT LARCENY-CHECK FROM MAILB,41
10,POSSESSION HYPODERMIC INSTRUME,2
10,PROMOTING A SEXUAL PERFORMANCE,2
10,PROSTITUTION,10
10,PUBLIC ADMINISTATION,180
10,PUBLIC ADMINISTRATION,32
10,RAPE,100
10,RECKLESS DRIVING,8
10,RECKLESS ENDANGERMENT,230
10,RECKLESS ENDANGERMENT OF PROPE,8
10,RESISTING ARREST,168
10,RIOT/INCITING,1
10,ROBBERY,1378
10,SALE SCHOOL GROUNDS 4,1
10,SEX TRAFFICKING,1
10,SEXUAL ABUSE,277
10,SEXUAL MISCONDUCT,30
10,SODOMY,27
10,SOLICITATION 5,2
10,STOLEN PROPERTY,147
10,STOLEN PROPERTY-MOTOR VEHND,12
10,STRANGULATIONST,219
10,SUPP. ACT TERRND,1
10,TAMPERING,49
10,TAX LAW,20
10,THEFT,12
10,THEFT OF SERVICES,157
10,THEFT OF SERVICES- CABLE TV SE,2
10,TORTURE/INJURE ANIMAL CRUELTY,9
10,TRAFFIC,109
10,TRESPASS,335
10,TRESPASS 4,21
10,UNAUTH. SALE OF TRANS. SERVICE,33
10,UNAUTHORIZED USE VEHICLE,206
10,UNLAWFUL SALE SYNTHETIC MARIJUANA,1
10,VEHICULAR ASSAULT (INTOX DRIVE,2
10,VIOLATION OF ORDER OF PROTECTI,268
10,WEAPONS,377
10,WEAPONS POSSESSION,395
10,WEAPONS POSSESSION &,108
11,ABANDON ANIMAL,5
11,ACCOSTING,6
11,ADM.CODE,73
11,AGGRAVATED CRIMINAL CONTEMPT,26
11,AGGRAVATED HARASSMENT,1611
11,AGGRAVATED SEXUAL ASBUSE,1
11,AGRICULTURE & MARKETS LAW,2
11,ALCOHOLIC BEVERAGE CONTROL LAW,6
11,ALCOHOLIC BEVERAGES,1
11,ARSON,39
11,ASSAULT,4529
11,ASSEMBLY,2
11,BAIL JUMPING,6
11,BAIL JUMPING &,5
11,BRIBERY,56
11,BURGLARS TOOLS,21
11,BURGLARY,1059
11,CAUSE SPI/KILL ANIMAL,6
11,CHECK,1
11,CHILD,123
11,CHILD ABANDONMENT,1
11,COERCION,2
11,COMPUTER TAMPER/TRESSPASS,4
11,COMPUTER UNAUTH. USE/TAMPER,2
11,CONSPIRACY,1
11,CONSPIRACY 4,1
11,CONTEMPT,121
11,CONTROLLED SUBSTANCE,839
11,CRIMINAL CONTEMPT,579
11,CRIMINAL DISPOSAL FIREARM &,12
11,CRIMINAL MIS &,42
11,CRIMINAL MISCHIEF,1005
11,CRIMINAL MISCHIEF 4TH,626
11,CUSTODIAL INTERFERENCE,13
11,DISORDERLY CONDUCT,2
11,DRUG PARAPHERNALIA,19
11,END WELFARE VULNERABLE ELDERLY PERSON,1
11,EXPOSURE OF A PERSON,2
11,FAC. SEXUAL OFFENSE W/CONTROLL,1
11,FALSE REPORT,4
11,FALSE REPORT BOMB,3
11,FALSE REPORT UNCLASSIFIED,35
11,FORGERY,554
11,FORGERY-ILLEGAL POSSESSION,2
11,FRAUD,354
11,GAMBLING,14
11,HARASSMENT,5067
11,HEALTHCARE/RENT.REG.,1
11,IMITATION PISTOL/AIR RIFLE,1
11,IMPAIRED DRIVING,3
11,IMPERSONATION,120
11,IMPRISONMENT,12
11,INTOXICATED DRIVING,470
11,JOSTLING,6
11,KIDNAPPING,2
11,LARCENY,10233
11,LEAVING SCENE-ACCIDENT-PERSONA,447
11,LEWDNESS,51
11,LURING A CHILD,1
11,MAKING TERRORISTIC THREAT,9
11,MANUFACTURE UNAUTHORIZED RECOR,1
11,MARIJUANA,852
11,MATERIAL              OFFENSIV,2
11,MENACING,566
11,MENACINGST DEGREE (VICT NOT,1
11,MENACINGST DEGREE (VICT PEAC,6
11,MISCHIEF,1833
11,NEGLECT/POISON ANIMAL,2
11,NUISANCE,1
11,NY STATE LAWS,52
11,OBSCENE MATERIAL - UNDER7 YE,4
11,OBSCENITY,2
11,OBSTR BREATH/CIRCUL,223
11,PEDDLING,1
11,PERJURY,2
11,PETIT LARCENY OF ANIMAL,5
11,PETIT LARCENY-CHECK FROM MAILB,26
11,POSSESS PARAPHERNALIA/ANIMAL FIGHTING,1
11,POSSESSION HYPODERMIC INSTRUME,5
11,PROSTITUTION,9
11,PUBLIC ADMINISTATION,119
11,PUBLIC ADMINISTRATION,29
11,PUBLIC SAFETY,1
11,RAPE,65
11,RECKLESS DRIVING,3
11,RECKLESS ENDANGERMENT,199
11,RECKLESS ENDANGERMENT OF PROPE,6
11,RESISTING ARREST,123
11,RIOT/INCITING,1
11,ROBBERY,1264
11,SALE OF UNAUTHORIZED RECORDING,1
11,SEXUAL ABUSE,236
11,SEXUAL MISCONDUCT,15
11,SODOMY,22
11,STOLEN PROPERTY,134
11,STOLEN PROPERTY-MOTOR VEHND,15
11,STRANGULATIONST,247
11,TAMPERING,25
11,TAMPERING WITH A WITNESS,1
11,TAX LAW,12
11,THEFT,13
11,THEFT OF SERVICES,131
11,THEFT OF SERVICES- CABLE TV SE,2
11,TORTURE/INJURE ANIMAL CRUELTY,2
11,TRAFFIC,113
11,TRESPASS,326
11,TRESPASS 4,24
11,UNAUTH. SALE OF TRANS. SERVICE,27
11,UNAUTHORIZED USE VEHICLE,158
11,USE OF A CHILD IN A SEXUAL PER,1
11,VIOLATION OF ORDER OF PROTECTI,263
11,WEAPONS,333
11,WEAPONS POSSESSION,325
11,WEAPONS POSSESSION &,97
12,ABANDON ANIMAL,4
12,ACCOSTING,13
12,ADM.CODE,58
12,AGGRAVATED CRIMINAL CONTEMPT,21
12,AGGRAVATED HARASSMENT,1398
12,AGGRAVATED SEXUAL ASBUSE,1
12,AGRICULTURE & MARKETS LAW,3
12,ALCOHOLIC BEVERAGE CONTROL LAW,5
12,ARSON,53
12,ASSAULT,4449
12,BAIL JUMPING,6
12,BAIL JUMPING &,2
12,BRIBERY,56
12,BURGLARS TOOLS,17
12,BURGLARY,1039
12,CAUSE SPI/KILL ANIMAL,3
12,CHILD,159
12,CHILD ABANDONMENT,2
12,CIGARETTE,1
12,COERCION,13
12,COMPUTER TAMPER/TRESSPASS,2
12,COMPUTER UNAUTH. USE/TAMPER,2
12,CONTEMPT,106
12,CONTROLLED SUBSTANCE,885
12,CRIMINAL CONTEMPT,593
12,CRIMINAL DISPOSAL FIREARM &,2
12,CRIMINAL MIS &,23
12,CRIMINAL MISCHIEF,980
12,CRIMINAL MISCHIEF 4TH,384
12,CUSTODIAL INTERFERENCE,9
12,DISORDERLY CONDUCT,3
12,DRUG PARAPHERNALIA,13
12,ESCAPE,2
12,FALSE REPORT,3
12,FALSE REPORT UNCLASSIFIED,28
12,FORGERY,553
12,FORGERY-ILLEGAL POSSESSION,2
12,FRAUD,252
12,GAMBLING,7
12,GENERAL BUSINESS LAW / UNCLASSIFIED,1
12,HARASSMENT,4624
12,IMITATION PISTOL/AIR RIFLE,2
12,IMPAIRED DRIVING,4
12,IMPERSONATION,118
12,IMPRISONMENT,16
12,INCOMPETENT PERSON,3
12,INTOXICATED DRIVING,487
12,JOSTLING,5
12,KIDNAPPING,2
12,LARCENY,9594
12,LEAVING SCENE-ACCIDENT-PERSONA,395
12,LEWDNESS,52
12,MAKING TERRORISTIC THREAT,14
12,MARIJUANA,815
12,MENACING,565
12,MENACINGST DEGREE (VICT NOT,8
12,MENACINGST DEGREE (VICT PEAC,6
12,MISCHIEF,1774
12,NUISANCE,1
12,NY STATE LAWS,21
12,OBSCENE MATERIAL - UNDER7 YE,10
12,OBSCENITY,2
12,OBSTR BREATH/CIRCUL,217
12,PETIT LARCENY OF ANIMAL,5
12,PETIT LARCENY-CHECK FROM MAILB,21
12,POSSESSION HYPODERMIC INSTRUME,3
12,PRIVACY,1
12,PROSTITUTION,4
12,PUBLIC ADMINISTATION,95
12,PUBLIC ADMINISTRATION,19
12,PUBLIC HEALTH LAW,1
12,PUBLIC SAFETY,7
12,RAPE,61
12,RECKLESS DRIVING,3
12,RECKLESS ENDANGERMENT,195
12,RECKLESS ENDANGERMENT OF PROPE,6
12,RESISTING ARREST,135
12,ROBBERY,1341
12,SALE OF UNAUTHORIZED RECORDING,2
12,SEX TRAFFICKING,1
12,SEXUAL ABUSE,202
12,SEXUAL MISCONDUCT,8
12,SODOMY,19
12,SOLICITATION 5,1
12,STOLEN PROPERTY,109
12,STOLEN PROPERTY-MOTOR VEHND,9
12,STRANGULATIONST,241
12,SUPP. ACT TERRND,1
12,TAMPERING,12
12,TAMPERING WITH A WITNESS,1
12,TAX LAW,8
12,TERRORISM PROVIDE SUPPORT,1
12,THEFT,9
12,THEFT OF SERVICES,150
12,THEFT OF SERVICES- CABLE TV SE,3
12,TORTURE/INJURE ANIMAL CRUELTY,4
12,TRAFFIC,77
12,TRESPASS,291
12,TRESPASS 4,22
12,UNAUTH. SALE OF TRANS. SERVICE,24
12,UNAUTHORIZED USE VEHICLE,152
12,UNLAWFUL POSS. WEAPON UPON SCH,1
12,UNLAWFUL SALE SYNTHETIC MARIJUANA,2
12,VIOLATION OF ORDER OF PROTECTI,236
12,WEAPONS,349
12,WEAPONS POSSESSION,329
12,WEAPONS POSSESSION &,77
